{
	"images" : [
			{
		"size" : "57x57",
		"idiom" : "iphone",
		"filename" : "Icon.png",
		"scale" : "1x"
	},
			{
		"size" : "57x57",
		"idiom" : "iphone",
		"filename" : "Icon@2x.png",
		"scale" : "2x"
	},
			{
		"size" : "60x60",
		"idiom" : "iphone",
		"filename" : "Icon-120.png",
		"scale" : "2x"
	},
			{
		"size" : "60x60",
		"idiom" : "iphone",
		"filename" : "Icon-180.png",
		"scale" : "3x"
	},
			{
		"size" : "72x72",
		"idiom" : "ipad",
		"filename" : "Icon-72.png",
		"scale" : "1x"
	},
			{
		"size" : "72x72",
		"idiom" : "ipad",
		"filename" : "Icon-144.png",
		"scale" : "2x"
	},
			{
		"size" : "76x76",
		"idiom" : "ipad",
		"filename" : "Icon-76.png",
		"scale" : "1x"
	},
			{
		"size" : "76x76",
		"idiom" : "ipad",
		"filename" : "Icon-152.png",
		"scale" : "2x"
	}
	],
	"info" : {
	"version" : 1,
	"author" : "xcode"
	},
	"properties" : {
		"pre-rendered" : false
	}
}
